task id,suite,benchmark,crit level,level-A pet(us),period (ms),wss
0,TACLe,h264_dec,0,115.6575,48.0,2
1,TACLe,h264_dec,0,115.6575,48.0,2
2,TACLe,h264_dec,0,115.6575,48.0,2
3,TACLe,h264_dec,0,115.6575,48.0,2
4,TACLe,h264_dec,0,115.6575,48.0,2
5,TACLe,h264_dec,0,115.6575,48.0,2
6,TACLe,h264_dec,0,115.6575,48.0,2
7,TACLe,h264_dec,0,115.6575,48.0,2
8,TACLe,h264_dec,0,115.6575,48.0,2
9,TACLe,h264_dec,0,115.6575,48.0,2
10,TACLe,h264_dec,0,115.6575,48.0,2
11,TACLe,h264_dec,0,115.6575,48.0,2
12,TACLe,h264_dec,0,115.6575,48.0,2
13,TACLe,h264_dec,0,115.6575,48.0,2
14,TACLe,h264_dec,0,115.6575,48.0,2
15,TACLe,h264_dec,0,115.6575,48.0,2
16,TACLe,h264_dec,0,115.6575,48.0,2
17,TACLe,h264_dec,0,115.6575,48.0,2
18,TACLe,h264_dec,0,115.6575,48.0,2
19,TACLe,h264_dec,0,115.6575,48.0,2
20,TACLe,h264_dec,0,115.6575,48.0,2
21,TACLe,h264_dec,0,115.6575,48.0,2
22,TACLe,h264_dec,0,115.6575,48.0,2
23,TACLe,h264_dec,0,115.6575,48.0,2
24,TACLe,h264_dec,0,115.6575,48.0,2
25,TACLe,h264_dec,0,115.6575,48.0,2
26,TACLe,h264_dec,0,115.6575,48.0,2
27,TACLe,h264_dec,0,115.6575,96.0,2
28,TACLe,h264_dec,0,115.6575,96.0,2
29,TACLe,h264_dec,0,115.6575,96.0,2
30,TACLe,h264_dec,0,115.6575,96.0,2
31,TACLe,h264_dec,0,115.6575,96.0,2
32,TACLe,h264_dec,0,115.6575,96.0,2
33,TACLe,h264_dec,0,115.6575,96.0,2
34,TACLe,h264_dec,0,115.6575,96.0,2
35,TACLe,h264_dec,0,115.6575,96.0,2
36,TACLe,h264_dec,0,115.6575,96.0,2
37,TACLe,h264_dec,0,115.6575,96.0,2
38,TACLe,h264_dec,0,115.6575,96.0,2
39,TACLe,h264_dec,0,115.6575,96.0,2
40,TACLe,h264_dec,0,115.6575,96.0,2
41,TACLe,h264_dec,0,115.6575,96.0,2
42,TACLe,h264_dec,0,115.6575,96.0,2
43,TACLe,h264_dec,0,115.6575,96.0,2
44,TACLe,h264_dec,0,115.6575,96.0,2
45,TACLe,h264_dec,0,115.6575,96.0,2
46,TACLe,h264_dec,0,115.6575,96.0,2
47,TACLe,h264_dec,0,115.6575,96.0,2
48,TACLe,h264_dec,0,115.6575,96.0,2
49,TACLe,adpcm_enc,0,127.81049999999999,48.0,2
50,TACLe,adpcm_enc,0,127.81049999999999,48.0,2
51,TACLe,adpcm_enc,0,127.81049999999999,48.0,2
52,TACLe,adpcm_enc,0,127.81049999999999,48.0,2
53,TACLe,adpcm_enc,0,127.81049999999999,48.0,2
54,TACLe,adpcm_enc,0,127.81049999999999,48.0,2
55,TACLe,adpcm_enc,0,127.81049999999999,48.0,2
56,TACLe,adpcm_enc,0,127.81049999999999,48.0,2
57,TACLe,adpcm_enc,0,127.81049999999999,48.0,2
58,TACLe,adpcm_enc,0,127.81049999999999,48.0,2
59,TACLe,adpcm_enc,0,127.81049999999999,48.0,2
60,TACLe,adpcm_enc,0,127.81049999999999,48.0,2
61,TACLe,adpcm_enc,0,127.81049999999999,48.0,2
62,TACLe,adpcm_enc,0,127.81049999999999,48.0,2
63,TACLe,adpcm_enc,0,127.81049999999999,48.0,2
64,TACLe,adpcm_enc,0,127.81049999999999,48.0,2
65,TACLe,adpcm_enc,0,127.81049999999999,48.0,2
66,TACLe,adpcm_enc,0,127.81049999999999,48.0,2
67,TACLe,adpcm_enc,0,127.81049999999999,48.0,2
68,TACLe,adpcm_enc,0,127.81049999999999,48.0,2
69,TACLe,adpcm_enc,0,127.81049999999999,48.0,2
70,TACLe,adpcm_enc,0,127.81049999999999,48.0,2
71,TACLe,adpcm_enc,0,127.81049999999999,48.0,2
72,TACLe,adpcm_enc,0,127.81049999999999,48.0,2
73,TACLe,adpcm_enc,0,127.81049999999999,96.0,2
74,TACLe,adpcm_enc,0,127.81049999999999,96.0,2
75,TACLe,adpcm_enc,0,127.81049999999999,96.0,2
76,TACLe,adpcm_enc,0,127.81049999999999,96.0,2
77,TACLe,adpcm_enc,0,127.81049999999999,96.0,2
78,TACLe,adpcm_enc,0,127.81049999999999,96.0,2
79,TACLe,adpcm_enc,0,127.81049999999999,96.0,2
80,TACLe,adpcm_enc,0,127.81049999999999,96.0,2
81,TACLe,adpcm_enc,0,127.81049999999999,96.0,2
82,TACLe,adpcm_enc,0,127.81049999999999,96.0,2
83,TACLe,adpcm_enc,0,127.81049999999999,96.0,2
84,TACLe,adpcm_enc,0,127.81049999999999,96.0,2
85,TACLe,adpcm_enc,0,127.81049999999999,96.0,2
86,TACLe,adpcm_enc,0,127.81049999999999,96.0,2
87,TACLe,adpcm_enc,0,127.81049999999999,96.0,2
88,TACLe,adpcm_enc,0,127.81049999999999,96.0,2
89,TACLe,adpcm_enc,0,127.81049999999999,96.0,2
90,TACLe,adpcm_enc,0,127.81049999999999,96.0,2
91,TACLe,adpcm_enc,0,127.81049999999999,96.0,2
92,TACLe,adpcm_enc,0,127.81049999999999,96.0,2
93,TACLe,adpcm_enc,0,127.81049999999999,96.0,2
94,TACLe,adpcm_enc,0,127.81049999999999,96.0,2
95,TACLe,g723_enc,0,149.81099999999998,48.0,2
96,TACLe,g723_enc,0,149.81099999999998,48.0,2
97,TACLe,g723_enc,0,149.81099999999998,48.0,2
98,TACLe,g723_enc,0,149.81099999999998,48.0,2
99,TACLe,g723_enc,0,149.81099999999998,48.0,2
100,TACLe,g723_enc,0,149.81099999999998,48.0,2
101,TACLe,g723_enc,0,149.81099999999998,48.0,2
102,TACLe,g723_enc,0,149.81099999999998,48.0,2
103,TACLe,g723_enc,0,149.81099999999998,48.0,2
104,TACLe,g723_enc,0,149.81099999999998,48.0,2
105,TACLe,g723_enc,0,149.81099999999998,48.0,2
106,TACLe,g723_enc,0,149.81099999999998,48.0,2
107,TACLe,g723_enc,0,149.81099999999998,48.0,2
108,TACLe,g723_enc,0,149.81099999999998,48.0,2
109,TACLe,g723_enc,0,149.81099999999998,48.0,2
110,TACLe,g723_enc,0,149.81099999999998,48.0,2
111,TACLe,g723_enc,0,149.81099999999998,48.0,2
112,TACLe,g723_enc,0,149.81099999999998,48.0,2
113,TACLe,g723_enc,0,149.81099999999998,48.0,2
114,TACLe,g723_enc,0,149.81099999999998,48.0,2
115,TACLe,g723_enc,0,149.81099999999998,48.0,2
116,TACLe,g723_enc,0,149.81099999999998,48.0,2
117,TACLe,g723_enc,0,149.81099999999998,96.0,2
118,TACLe,g723_enc,0,149.81099999999998,96.0,2
119,TACLe,g723_enc,0,149.81099999999998,96.0,2
120,TACLe,g723_enc,0,149.81099999999998,96.0,2
121,TACLe,g723_enc,0,149.81099999999998,96.0,2
122,TACLe,g723_enc,0,149.81099999999998,96.0,2
123,TACLe,g723_enc,0,149.81099999999998,96.0,2
124,TACLe,g723_enc,0,149.81099999999998,96.0,2
125,TACLe,g723_enc,0,149.81099999999998,96.0,2
126,TACLe,g723_enc,0,149.81099999999998,96.0,2
127,TACLe,g723_enc,0,149.81099999999998,96.0,2
128,TACLe,g723_enc,0,149.81099999999998,96.0,2
129,TACLe,g723_enc,0,149.81099999999998,96.0,2
130,TACLe,g723_enc,0,149.81099999999998,96.0,2
131,TACLe,g723_enc,0,149.81099999999998,96.0,2
132,TACLe,g723_enc,0,149.81099999999998,96.0,2
133,TACLe,g723_enc,0,149.81099999999998,96.0,2
134,TACLe,g723_enc,0,149.81099999999998,96.0,2
135,TACLe,g723_enc,0,149.81099999999998,96.0,2
136,TACLe,g723_enc,0,149.81099999999998,96.0,2
137,TACLe,g723_enc,0,149.81099999999998,96.0,2
138,TACLe,g723_enc,0,149.81099999999998,96.0,2
139,TACLe,g723_enc,0,149.81099999999998,96.0,2
140,TACLe,g723_enc,0,149.81099999999998,96.0,2
141,TACLe,g723_enc,0,149.81099999999998,96.0,2
142,TACLe,huff_enc,0,158.0865,48.0,2
143,TACLe,huff_enc,0,158.0865,48.0,2
144,TACLe,huff_enc,0,158.0865,48.0,2
145,TACLe,huff_enc,0,158.0865,48.0,2
146,TACLe,huff_enc,0,158.0865,48.0,2
147,TACLe,huff_enc,0,158.0865,48.0,2
148,TACLe,huff_enc,0,158.0865,48.0,2
149,TACLe,huff_enc,0,158.0865,48.0,2
150,TACLe,huff_enc,0,158.0865,48.0,2
151,TACLe,huff_enc,0,158.0865,48.0,2
152,TACLe,huff_enc,0,158.0865,48.0,2
153,TACLe,huff_enc,0,158.0865,48.0,2
154,TACLe,huff_enc,0,158.0865,48.0,2
155,TACLe,huff_enc,0,158.0865,48.0,2
156,TACLe,huff_enc,0,158.0865,48.0,2
157,TACLe,huff_enc,0,158.0865,48.0,2
158,TACLe,huff_enc,0,158.0865,48.0,2
159,TACLe,huff_enc,0,158.0865,48.0,2
160,TACLe,huff_enc,0,158.0865,48.0,2
161,TACLe,huff_enc,0,158.0865,48.0,2
162,TACLe,huff_enc,0,158.0865,48.0,2
163,TACLe,huff_enc,0,158.0865,48.0,2
164,TACLe,huff_enc,0,158.0865,48.0,2
165,TACLe,huff_enc,0,158.0865,48.0,2
166,TACLe,huff_enc,0,158.0865,48.0,2
167,TACLe,huff_enc,0,158.0865,48.0,2
168,TACLe,huff_enc,0,158.0865,96.0,2
169,TACLe,huff_enc,0,158.0865,96.0,2
170,TACLe,huff_enc,0,158.0865,96.0,2
171,TACLe,huff_enc,0,158.0865,96.0,2
172,TACLe,huff_enc,0,158.0865,96.0,2
173,TACLe,huff_enc,0,158.0865,96.0,2
174,TACLe,huff_enc,0,158.0865,96.0,2
175,TACLe,huff_enc,0,158.0865,96.0,2
176,TACLe,huff_enc,0,158.0865,96.0,2
177,TACLe,huff_enc,0,158.0865,96.0,2
178,TACLe,huff_enc,0,158.0865,96.0,2
179,TACLe,huff_enc,0,158.0865,96.0,2
180,TACLe,huff_enc,0,158.0865,96.0,2
181,TACLe,huff_enc,0,158.0865,96.0,2
182,TACLe,huff_enc,0,158.0865,96.0,2
183,TACLe,huff_enc,0,158.0865,96.0,2
184,TACLe,huff_enc,0,158.0865,96.0,2
185,TACLe,huff_enc,0,158.0865,96.0,2
186,TACLe,huff_enc,0,158.0865,96.0,2
187,TACLe,huff_enc,0,158.0865,96.0,2
188,TACLe,huff_enc,0,158.0865,96.0,2
189,TACLe,huff_enc,0,158.0865,96.0,2
190,TACLe,huff_enc,0,158.0865,96.0,2
191,TACLe,huff_enc,0,158.0865,96.0,2
192,TACLe,huff_enc,0,158.0865,96.0,2
193,TACLe,huff_enc,0,158.0865,96.0,2
194,TACLe,audiobeam,0,168.77249999999998,48.0,2
195,TACLe,audiobeam,0,168.77249999999998,48.0,2
196,TACLe,audiobeam,0,168.77249999999998,48.0,2
197,TACLe,audiobeam,0,168.77249999999998,48.0,2
198,TACLe,audiobeam,0,168.77249999999998,48.0,2
199,TACLe,audiobeam,0,168.77249999999998,48.0,2
200,TACLe,audiobeam,0,168.77249999999998,48.0,2
201,TACLe,audiobeam,0,168.77249999999998,48.0,2
202,TACLe,audiobeam,0,168.77249999999998,48.0,2
203,TACLe,audiobeam,0,168.77249999999998,48.0,2
204,TACLe,audiobeam,0,168.77249999999998,48.0,2
205,TACLe,audiobeam,0,168.77249999999998,48.0,2
206,TACLe,audiobeam,0,168.77249999999998,48.0,2
207,TACLe,audiobeam,0,168.77249999999998,48.0,2
208,TACLe,audiobeam,0,168.77249999999998,48.0,2
209,TACLe,audiobeam,0,168.77249999999998,48.0,2
210,TACLe,audiobeam,0,168.77249999999998,48.0,2
211,TACLe,audiobeam,0,168.77249999999998,48.0,2
212,TACLe,audiobeam,0,168.77249999999998,48.0,2
213,TACLe,audiobeam,0,168.77249999999998,48.0,2
214,TACLe,audiobeam,0,168.77249999999998,48.0,2
215,TACLe,audiobeam,0,168.77249999999998,48.0,2
216,TACLe,audiobeam,0,168.77249999999998,48.0,2
217,TACLe,audiobeam,0,168.77249999999998,48.0,2
218,TACLe,audiobeam,0,168.77249999999998,48.0,2
219,TACLe,audiobeam,0,168.77249999999998,48.0,2
220,TACLe,audiobeam,0,168.77249999999998,96.0,2
221,TACLe,audiobeam,0,168.77249999999998,96.0,2
222,TACLe,audiobeam,0,168.77249999999998,96.0,2
223,TACLe,audiobeam,0,168.77249999999998,96.0,2
224,TACLe,audiobeam,0,168.77249999999998,96.0,2
225,TACLe,audiobeam,0,168.77249999999998,96.0,2
226,TACLe,audiobeam,0,168.77249999999998,96.0,2
227,TACLe,audiobeam,0,168.77249999999998,96.0,2
228,TACLe,audiobeam,0,168.77249999999998,96.0,2
229,TACLe,audiobeam,0,168.77249999999998,96.0,2
230,TACLe,audiobeam,0,168.77249999999998,96.0,2
231,TACLe,audiobeam,0,168.77249999999998,96.0,2
232,TACLe,audiobeam,0,168.77249999999998,96.0,2
233,TACLe,audiobeam,0,168.77249999999998,96.0,2
234,TACLe,audiobeam,0,168.77249999999998,96.0,2
235,TACLe,audiobeam,0,168.77249999999998,96.0,2
236,TACLe,audiobeam,0,168.77249999999998,96.0,2
237,TACLe,audiobeam,0,168.77249999999998,96.0,2
238,TACLe,audiobeam,0,168.77249999999998,96.0,2
239,TACLe,audiobeam,0,168.77249999999998,96.0,2
240,TACLe,audiobeam,0,168.77249999999998,96.0,2
241,TACLe,audiobeam,0,168.77249999999998,96.0,2
242,TACLe,audiobeam,0,168.77249999999998,96.0,2
243,TACLe,gsm_dec,0,248.39249999999998,48.0,2
244,TACLe,gsm_dec,0,248.39249999999998,48.0,2
245,TACLe,gsm_dec,0,248.39249999999998,48.0,2
246,TACLe,gsm_dec,0,248.39249999999998,48.0,2
247,TACLe,gsm_dec,0,248.39249999999998,48.0,2
248,TACLe,gsm_dec,0,248.39249999999998,48.0,2
249,TACLe,gsm_dec,0,248.39249999999998,48.0,2
250,TACLe,gsm_dec,0,248.39249999999998,48.0,2
251,TACLe,gsm_dec,0,248.39249999999998,48.0,2
252,TACLe,gsm_dec,0,248.39249999999998,48.0,2
253,TACLe,gsm_dec,0,248.39249999999998,48.0,2
254,TACLe,gsm_dec,0,248.39249999999998,48.0,2
255,TACLe,gsm_dec,0,248.39249999999998,48.0,2
256,TACLe,gsm_dec,0,248.39249999999998,48.0,2
257,TACLe,gsm_dec,0,248.39249999999998,48.0,2
258,TACLe,gsm_dec,0,248.39249999999998,48.0,2
259,TACLe,gsm_dec,0,248.39249999999998,48.0,2
260,TACLe,gsm_dec,0,248.39249999999998,48.0,2
261,TACLe,gsm_dec,0,248.39249999999998,48.0,2
262,TACLe,gsm_dec,0,248.39249999999998,48.0,2
263,TACLe,gsm_dec,0,248.39249999999998,48.0,2
264,TACLe,gsm_dec,0,248.39249999999998,48.0,2
265,TACLe,gsm_dec,0,248.39249999999998,48.0,2
266,TACLe,gsm_dec,0,248.39249999999998,48.0,2
267,TACLe,gsm_dec,0,248.39249999999998,96.0,2
268,TACLe,gsm_dec,0,248.39249999999998,96.0,2
269,TACLe,gsm_dec,0,248.39249999999998,96.0,2
270,TACLe,gsm_dec,0,248.39249999999998,96.0,2
271,TACLe,gsm_dec,0,248.39249999999998,96.0,2
272,TACLe,gsm_dec,0,248.39249999999998,96.0,2
273,TACLe,gsm_dec,0,248.39249999999998,96.0,2
274,TACLe,gsm_dec,0,248.39249999999998,96.0,2
275,TACLe,gsm_dec,0,248.39249999999998,96.0,2
276,TACLe,gsm_dec,0,248.39249999999998,96.0,2
277,TACLe,gsm_dec,0,248.39249999999998,96.0,2
278,TACLe,gsm_dec,0,248.39249999999998,96.0,2
279,TACLe,gsm_dec,0,248.39249999999998,96.0,2
280,TACLe,gsm_dec,0,248.39249999999998,96.0,2
281,TACLe,gsm_dec,0,248.39249999999998,96.0,2
282,TACLe,gsm_dec,0,248.39249999999998,96.0,2
283,TACLe,gsm_dec,0,248.39249999999998,96.0,2
284,TACLe,gsm_dec,0,248.39249999999998,96.0,2
285,TACLe,gsm_dec,0,248.39249999999998,96.0,2
286,TACLe,gsm_dec,0,248.39249999999998,96.0,2
287,TACLe,gsm_dec,0,248.39249999999998,96.0,2
288,TACLe,gsm_dec,0,248.39249999999998,96.0,2
289,TACLe,cjpeg_tran,0,271.7535,48.0,2
290,TACLe,cjpeg_tran,0,271.7535,48.0,2
291,TACLe,cjpeg_tran,0,271.7535,48.0,2
292,TACLe,cjpeg_tran,0,271.7535,48.0,2
293,TACLe,cjpeg_tran,0,271.7535,48.0,2
294,TACLe,cjpeg_tran,0,271.7535,48.0,2
295,TACLe,cjpeg_tran,0,271.7535,48.0,2
296,TACLe,cjpeg_tran,0,271.7535,48.0,2
297,TACLe,cjpeg_tran,0,271.7535,48.0,2
298,TACLe,cjpeg_tran,0,271.7535,48.0,2
299,TACLe,cjpeg_tran,0,271.7535,48.0,2
300,TACLe,cjpeg_tran,0,271.7535,48.0,2
301,TACLe,cjpeg_tran,0,271.7535,48.0,2
302,TACLe,cjpeg_tran,0,271.7535,48.0,2
303,TACLe,cjpeg_tran,0,271.7535,48.0,2
304,TACLe,cjpeg_tran,0,271.7535,48.0,2
305,TACLe,cjpeg_tran,0,271.7535,48.0,2
306,TACLe,cjpeg_tran,0,271.7535,48.0,2
307,TACLe,cjpeg_tran,0,271.7535,48.0,2
308,TACLe,cjpeg_tran,0,271.7535,48.0,2
309,TACLe,cjpeg_tran,0,271.7535,48.0,2
310,TACLe,cjpeg_tran,0,271.7535,48.0,2
311,TACLe,cjpeg_tran,0,271.7535,96.0,2
312,TACLe,cjpeg_tran,0,271.7535,96.0,2
313,TACLe,cjpeg_tran,0,271.7535,96.0,2
314,TACLe,cjpeg_tran,0,271.7535,96.0,2
315,TACLe,cjpeg_tran,0,271.7535,96.0,2
316,TACLe,cjpeg_tran,0,271.7535,96.0,2
317,TACLe,cjpeg_tran,0,271.7535,96.0,2
318,TACLe,cjpeg_tran,0,271.7535,96.0,2
319,TACLe,cjpeg_tran,0,271.7535,96.0,2
320,TACLe,cjpeg_tran,0,271.7535,96.0,2
321,TACLe,cjpeg_tran,0,271.7535,96.0,2
322,TACLe,cjpeg_tran,0,271.7535,96.0,2
323,TACLe,cjpeg_tran,0,271.7535,96.0,2
324,TACLe,cjpeg_tran,0,271.7535,96.0,2
325,TACLe,cjpeg_tran,0,271.7535,96.0,2
326,TACLe,cjpeg_tran,0,271.7535,96.0,2
327,TACLe,cjpeg_tran,0,271.7535,96.0,2
328,TACLe,cjpeg_tran,0,271.7535,96.0,2
329,TACLe,cjpeg_tran,0,271.7535,96.0,2
330,TACLe,cjpeg_tran,0,271.7535,96.0,2
331,TACLe,cjpeg_tran,0,271.7535,96.0,2
332,TACLe,cjpeg_tran,0,271.7535,96.0,2
333,TACLe,cjpeg_tran,0,271.7535,96.0,2
334,TACLe,cjpeg_tran,0,271.7535,96.0,2
335,TACLe,cjpeg_tran,0,271.7535,96.0,2
336,TACLe,cjpeg_tran,0,271.7535,96.0,2
337,TACLe,cjpeg_tran,0,271.7535,96.0,2
338,TACLe,epic,0,337.7535,48.0,2
339,TACLe,epic,0,337.7535,48.0,2
340,TACLe,epic,0,337.7535,48.0,2
341,TACLe,epic,0,337.7535,48.0,2
342,TACLe,epic,0,337.7535,48.0,2
343,TACLe,epic,0,337.7535,48.0,2
344,TACLe,epic,0,337.7535,48.0,2
345,TACLe,epic,0,337.7535,48.0,2
346,TACLe,epic,0,337.7535,48.0,2
347,TACLe,epic,0,337.7535,48.0,2
348,TACLe,epic,0,337.7535,48.0,2
349,TACLe,epic,0,337.7535,48.0,2
350,TACLe,epic,0,337.7535,48.0,2
351,TACLe,epic,0,337.7535,48.0,2
352,TACLe,epic,0,337.7535,48.0,2
353,TACLe,epic,0,337.7535,48.0,2
354,TACLe,epic,0,337.7535,48.0,2
355,TACLe,epic,0,337.7535,48.0,2
356,TACLe,epic,0,337.7535,48.0,2
357,TACLe,epic,0,337.7535,48.0,2
358,TACLe,epic,0,337.7535,48.0,2
359,TACLe,epic,0,337.7535,48.0,2
360,TACLe,epic,0,337.7535,48.0,2
361,TACLe,epic,0,337.7535,48.0,2
362,TACLe,epic,0,337.7535,48.0,2
363,TACLe,epic,0,337.7535,96.0,2
364,TACLe,epic,0,337.7535,96.0,2
365,TACLe,epic,0,337.7535,96.0,2
366,TACLe,epic,0,337.7535,96.0,2
367,TACLe,epic,0,337.7535,96.0,2
368,TACLe,epic,0,337.7535,96.0,2
369,TACLe,epic,0,337.7535,96.0,2
370,TACLe,epic,0,337.7535,96.0,2
371,TACLe,epic,0,337.7535,96.0,2
372,TACLe,epic,0,337.7535,96.0,2
373,TACLe,epic,0,337.7535,96.0,2
374,TACLe,epic,0,337.7535,96.0,2
375,TACLe,epic,0,337.7535,96.0,2
376,TACLe,epic,0,337.7535,96.0,2
377,TACLe,epic,0,337.7535,96.0,2
378,TACLe,epic,0,337.7535,96.0,2
379,TACLe,epic,0,337.7535,96.0,2
380,TACLe,epic,0,337.7535,96.0,2
381,TACLe,epic,0,337.7535,96.0,2
382,TACLe,epic,0,337.7535,96.0,2
383,TACLe,epic,0,337.7535,96.0,2
384,TACLe,epic,0,337.7535,96.0,2
385,TACLe,epic,0,337.7535,96.0,2
386,TACLe,epic,0,337.7535,96.0,2
387,TACLe,epic,0,337.7535,96.0,2
388,TACLe,rijndael_e,0,361.221,48.0,2
389,TACLe,rijndael_e,0,361.221,48.0,2
390,TACLe,rijndael_e,0,361.221,48.0,2
391,TACLe,rijndael_e,0,361.221,48.0,2
392,TACLe,rijndael_e,0,361.221,48.0,2
393,TACLe,rijndael_e,0,361.221,48.0,2
394,TACLe,rijndael_e,0,361.221,48.0,2
395,TACLe,rijndael_e,0,361.221,48.0,2
396,TACLe,rijndael_e,0,361.221,48.0,2
397,TACLe,rijndael_e,0,361.221,48.0,2
398,TACLe,rijndael_e,0,361.221,48.0,2
399,TACLe,rijndael_e,0,361.221,48.0,2
400,TACLe,rijndael_e,0,361.221,48.0,2
401,TACLe,rijndael_e,0,361.221,48.0,2
402,TACLe,rijndael_e,0,361.221,48.0,2
403,TACLe,rijndael_e,0,361.221,48.0,2
404,TACLe,rijndael_e,0,361.221,48.0,2
405,TACLe,rijndael_e,0,361.221,48.0,2
406,TACLe,rijndael_e,0,361.221,48.0,2
407,TACLe,rijndael_e,0,361.221,48.0,2
408,TACLe,rijndael_e,0,361.221,48.0,2
409,TACLe,rijndael_e,0,361.221,48.0,2
410,TACLe,rijndael_e,0,361.221,48.0,2
411,TACLe,rijndael_e,0,361.221,48.0,2
412,TACLe,rijndael_e,0,361.221,48.0,2
413,TACLe,rijndael_e,0,361.221,48.0,2
414,TACLe,rijndael_e,0,361.221,48.0,2
415,TACLe,rijndael_e,0,361.221,96.0,2
416,TACLe,rijndael_e,0,361.221,96.0,2
417,TACLe,rijndael_e,0,361.221,96.0,2
418,TACLe,rijndael_e,0,361.221,96.0,2
419,TACLe,rijndael_e,0,361.221,96.0,2
420,TACLe,rijndael_e,0,361.221,96.0,2
421,TACLe,rijndael_e,0,361.221,96.0,2
422,TACLe,rijndael_e,0,361.221,96.0,2
423,TACLe,rijndael_e,0,361.221,96.0,2
424,TACLe,rijndael_e,0,361.221,96.0,2
425,TACLe,rijndael_e,0,361.221,96.0,2
426,TACLe,rijndael_e,0,361.221,96.0,2
427,TACLe,rijndael_e,0,361.221,96.0,2
428,TACLe,rijndael_e,0,361.221,96.0,2
429,TACLe,rijndael_e,0,361.221,96.0,2
430,TACLe,rijndael_e,0,361.221,96.0,2
431,TACLe,rijndael_e,0,361.221,96.0,2
432,TACLe,rijndael_e,0,361.221,96.0,2
433,TACLe,rijndael_e,0,361.221,96.0,2
434,TACLe,rijndael_e,0,361.221,96.0,2
435,TACLe,rijndael_e,0,361.221,96.0,2
436,TACLe,rijndael_e,0,361.221,96.0,2
437,TACLe,rijndael_d,0,374.6309999999999,48.0,2
438,TACLe,rijndael_d,0,374.6309999999999,48.0,2
439,TACLe,rijndael_d,0,374.6309999999999,48.0,2
440,TACLe,rijndael_d,0,374.6309999999999,48.0,2
441,TACLe,rijndael_d,0,374.6309999999999,48.0,2
442,TACLe,rijndael_d,0,374.6309999999999,48.0,2
443,TACLe,rijndael_d,0,374.6309999999999,48.0,2
444,TACLe,rijndael_d,0,374.6309999999999,48.0,2
445,TACLe,rijndael_d,0,374.6309999999999,48.0,2
446,TACLe,rijndael_d,0,374.6309999999999,48.0,2
447,TACLe,rijndael_d,0,374.6309999999999,48.0,2
448,TACLe,rijndael_d,0,374.6309999999999,48.0,2
449,TACLe,rijndael_d,0,374.6309999999999,48.0,2
450,TACLe,rijndael_d,0,374.6309999999999,48.0,2
451,TACLe,rijndael_d,0,374.6309999999999,48.0,2
452,TACLe,rijndael_d,0,374.6309999999999,48.0,2
453,TACLe,rijndael_d,0,374.6309999999999,48.0,2
454,TACLe,rijndael_d,0,374.6309999999999,48.0,2
455,TACLe,rijndael_d,0,374.6309999999999,48.0,2
456,TACLe,rijndael_d,0,374.6309999999999,48.0,2
457,TACLe,rijndael_d,0,374.6309999999999,48.0,2
458,TACLe,rijndael_d,0,374.6309999999999,48.0,2
459,TACLe,rijndael_d,0,374.6309999999999,48.0,2
460,TACLe,rijndael_d,0,374.6309999999999,48.0,2
461,TACLe,rijndael_d,0,374.6309999999999,48.0,2
462,TACLe,rijndael_d,0,374.6309999999999,48.0,2
463,TACLe,rijndael_d,0,374.6309999999999,48.0,2
464,TACLe,rijndael_d,0,374.6309999999999,48.0,2
465,TACLe,rijndael_d,0,374.6309999999999,48.0,2
466,TACLe,rijndael_d,0,374.6309999999999,48.0,2
467,TACLe,rijndael_d,0,374.6309999999999,96.0,2
468,TACLe,rijndael_d,0,374.6309999999999,96.0,2
469,TACLe,rijndael_d,0,374.6309999999999,96.0,2
470,TACLe,rijndael_d,0,374.6309999999999,96.0,2
471,TACLe,rijndael_d,0,374.6309999999999,96.0,2
472,TACLe,rijndael_d,0,374.6309999999999,96.0,2
473,TACLe,rijndael_d,0,374.6309999999999,96.0,2
474,TACLe,rijndael_d,0,374.6309999999999,96.0,2
475,TACLe,rijndael_d,0,374.6309999999999,96.0,2
476,TACLe,rijndael_d,0,374.6309999999999,96.0,2
477,TACLe,rijndael_d,0,374.6309999999999,96.0,2
478,TACLe,rijndael_d,0,374.6309999999999,96.0,2
479,TACLe,rijndael_d,0,374.6309999999999,96.0,2
480,TACLe,rijndael_d,0,374.6309999999999,96.0,2
481,TACLe,rijndael_d,0,374.6309999999999,96.0,2
482,TACLe,rijndael_d,0,374.6309999999999,96.0,2
483,TACLe,rijndael_d,0,374.6309999999999,96.0,2
484,TACLe,rijndael_d,0,374.6309999999999,96.0,2
485,TACLe,rijndael_d,0,374.6309999999999,96.0,2
486,TACLe,rijndael_d,0,374.6309999999999,96.0,2
487,TACLe,rijndael_d,0,374.6309999999999,96.0,2
488,TACLe,rijndael_d,0,374.6309999999999,96.0,2
489,TACLe,rijndael_d,0,374.6309999999999,96.0,2
490,TACLe,rijndael_d,0,374.6309999999999,96.0,2
491,TACLe,anagram,0,383.8499999999999,48.0,2
492,TACLe,anagram,0,383.8499999999999,48.0,2
493,TACLe,anagram,0,383.8499999999999,48.0,2
494,TACLe,anagram,0,383.8499999999999,48.0,2
495,TACLe,anagram,0,383.8499999999999,48.0,2
496,TACLe,anagram,0,383.8499999999999,48.0,2
497,TACLe,anagram,0,383.8499999999999,48.0,2
498,TACLe,anagram,0,383.8499999999999,48.0,2
499,TACLe,anagram,0,383.8499999999999,48.0,2
500,TACLe,anagram,0,383.8499999999999,48.0,2
501,TACLe,anagram,0,383.8499999999999,48.0,2
502,TACLe,anagram,0,383.8499999999999,48.0,2
503,TACLe,anagram,0,383.8499999999999,48.0,2
504,TACLe,anagram,0,383.8499999999999,48.0,2
505,TACLe,anagram,0,383.8499999999999,48.0,2
506,TACLe,anagram,0,383.8499999999999,48.0,2
507,TACLe,anagram,0,383.8499999999999,48.0,2
508,TACLe,anagram,0,383.8499999999999,48.0,2
509,TACLe,anagram,0,383.8499999999999,96.0,2
510,TACLe,anagram,0,383.8499999999999,96.0,2
511,TACLe,anagram,0,383.8499999999999,96.0,2
512,TACLe,anagram,0,383.8499999999999,96.0,2
513,TACLe,anagram,0,383.8499999999999,96.0,2
514,TACLe,anagram,0,383.8499999999999,96.0,2
515,TACLe,anagram,0,383.8499999999999,96.0,2
516,TACLe,anagram,0,383.8499999999999,96.0,2
517,TACLe,anagram,0,383.8499999999999,96.0,2
518,TACLe,anagram,0,383.8499999999999,96.0,2
519,TACLe,anagram,0,383.8499999999999,96.0,2
520,TACLe,anagram,0,383.8499999999999,96.0,2
521,TACLe,anagram,0,383.8499999999999,96.0,2
522,TACLe,anagram,0,383.8499999999999,96.0,2
523,TACLe,anagram,0,383.8499999999999,96.0,2
524,TACLe,anagram,0,383.8499999999999,96.0,2
525,TACLe,anagram,0,383.8499999999999,96.0,2
526,TACLe,anagram,0,383.8499999999999,96.0,2
527,TACLe,anagram,0,383.8499999999999,96.0,2
528,TACLe,anagram,0,383.8499999999999,96.0,2
529,TACLe,anagram,0,383.8499999999999,96.0,2
530,TACLe,anagram,0,383.8499999999999,96.0,2
531,TACLe,anagram,0,383.8499999999999,96.0,2
532,TACLe,anagram,0,383.8499999999999,96.0,2
533,TACLe,anagram,0,383.8499999999999,96.0,2
534,TACLe,anagram,0,383.8499999999999,96.0,2
535,TACLe,anagram,0,383.8499999999999,96.0,2
536,TACLe,anagram,0,383.8499999999999,96.0,2
537,TACLe,anagram,0,383.8499999999999,96.0,2
538,TACLe,anagram,0,383.8499999999999,96.0,2
539,TACLe,gsm_enc,0,473.31749999999994,48.0,2
540,TACLe,gsm_enc,0,473.31749999999994,48.0,2
541,TACLe,gsm_enc,0,473.31749999999994,48.0,2
542,TACLe,gsm_enc,0,473.31749999999994,48.0,2
543,TACLe,gsm_enc,0,473.31749999999994,48.0,2
544,TACLe,gsm_enc,0,473.31749999999994,48.0,2
545,TACLe,gsm_enc,0,473.31749999999994,48.0,2
546,TACLe,gsm_enc,0,473.31749999999994,48.0,2
547,TACLe,gsm_enc,0,473.31749999999994,48.0,2
548,TACLe,gsm_enc,0,473.31749999999994,48.0,2
549,TACLe,gsm_enc,0,473.31749999999994,48.0,2
550,TACLe,gsm_enc,0,473.31749999999994,48.0,2
551,TACLe,gsm_enc,0,473.31749999999994,48.0,2
552,TACLe,gsm_enc,0,473.31749999999994,48.0,2
553,TACLe,gsm_enc,0,473.31749999999994,48.0,2
554,TACLe,gsm_enc,0,473.31749999999994,48.0,2
555,TACLe,gsm_enc,0,473.31749999999994,48.0,2
556,TACLe,gsm_enc,0,473.31749999999994,48.0,2
557,TACLe,gsm_enc,0,473.31749999999994,48.0,2
558,TACLe,gsm_enc,0,473.31749999999994,48.0,2
559,TACLe,gsm_enc,0,473.31749999999994,48.0,2
560,TACLe,gsm_enc,0,473.31749999999994,48.0,2
561,TACLe,gsm_enc,0,473.31749999999994,96.0,2
562,TACLe,gsm_enc,0,473.31749999999994,96.0,2
563,TACLe,gsm_enc,0,473.31749999999994,96.0,2
564,TACLe,gsm_enc,0,473.31749999999994,96.0,2
565,TACLe,gsm_enc,0,473.31749999999994,96.0,2
566,TACLe,gsm_enc,0,473.31749999999994,96.0,2
567,TACLe,gsm_enc,0,473.31749999999994,96.0,2
568,TACLe,gsm_enc,0,473.31749999999994,96.0,2
569,TACLe,gsm_enc,0,473.31749999999994,96.0,2
570,TACLe,gsm_enc,0,473.31749999999994,96.0,2
571,TACLe,gsm_enc,0,473.31749999999994,96.0,2
572,TACLe,gsm_enc,0,473.31749999999994,96.0,2
573,TACLe,gsm_enc,0,473.31749999999994,96.0,2
574,TACLe,gsm_enc,0,473.31749999999994,96.0,2
575,TACLe,gsm_enc,0,473.31749999999994,96.0,2
576,TACLe,gsm_enc,0,473.31749999999994,96.0,2
577,TACLe,gsm_enc,0,473.31749999999994,96.0,2
578,TACLe,gsm_enc,0,473.31749999999994,96.0,2
579,TACLe,gsm_enc,0,473.31749999999994,96.0,2
580,TACLe,gsm_enc,0,473.31749999999994,96.0,2
581,TACLe,gsm_enc,0,473.31749999999994,96.0,2
582,TACLe,gsm_enc,0,473.31749999999994,96.0,2
583,TACLe,gsm_enc,0,473.31749999999994,96.0,2
584,TACLe,gsm_enc,0,473.31749999999994,96.0,2
585,TACLe,gsm_enc,0,473.31749999999994,96.0,2
586,TACLe,h264_dec,1,115.6575,96.0,2
587,TACLe,h264_dec,1,115.6575,96.0,2
588,TACLe,h264_dec,1,115.6575,96.0,2
589,TACLe,h264_dec,1,115.6575,96.0,2
590,TACLe,h264_dec,1,115.6575,96.0,2
591,TACLe,h264_dec,1,115.6575,96.0,2
592,TACLe,h264_dec,1,115.6575,96.0,2
593,TACLe,h264_dec,1,115.6575,96.0,2
594,TACLe,h264_dec,1,115.6575,96.0,2
595,TACLe,h264_dec,1,115.6575,96.0,2
596,TACLe,h264_dec,1,115.6575,96.0,2
597,TACLe,h264_dec,1,115.6575,96.0,2
598,TACLe,h264_dec,1,115.6575,96.0,2
599,TACLe,h264_dec,1,115.6575,96.0,2
600,TACLe,h264_dec,1,115.6575,96.0,2
601,TACLe,h264_dec,1,115.6575,96.0,2
602,TACLe,h264_dec,1,115.6575,96.0,2
603,TACLe,h264_dec,1,115.6575,96.0,2
604,TACLe,h264_dec,1,115.6575,96.0,2
605,TACLe,h264_dec,1,115.6575,96.0,2
606,TACLe,huff_dec,1,119.32499999999999,96.0,2
607,TACLe,huff_dec,1,119.32499999999999,96.0,2
608,TACLe,huff_dec,1,119.32499999999999,96.0,2
609,TACLe,huff_dec,1,119.32499999999999,96.0,2
610,TACLe,huff_dec,1,119.32499999999999,96.0,2
611,TACLe,huff_dec,1,119.32499999999999,96.0,2
612,TACLe,huff_dec,1,119.32499999999999,96.0,2
613,TACLe,huff_dec,1,119.32499999999999,96.0,2
614,TACLe,huff_dec,1,119.32499999999999,96.0,2
615,TACLe,huff_dec,1,119.32499999999999,96.0,2
616,TACLe,huff_dec,1,119.32499999999999,96.0,2
617,TACLe,huff_dec,1,119.32499999999999,96.0,2
618,TACLe,huff_dec,1,119.32499999999999,96.0,2
619,TACLe,huff_dec,1,119.32499999999999,96.0,2
620,TACLe,huff_dec,1,119.32499999999999,96.0,2
621,TACLe,huff_dec,1,119.32499999999999,96.0,2
622,TACLe,huff_dec,1,119.32499999999999,96.0,2
623,TACLe,huff_dec,1,119.32499999999999,96.0,2
624,TACLe,huff_dec,1,119.32499999999999,96.0,2
625,TACLe,huff_dec,1,119.32499999999999,96.0,2
626,TACLe,huff_dec,1,119.32499999999999,96.0,2
627,TACLe,huff_dec,1,119.32499999999999,96.0,2
628,TACLe,adpcm_dec,1,125.61,96.0,2
629,TACLe,adpcm_dec,1,125.61,96.0,2
630,TACLe,adpcm_dec,1,125.61,96.0,2
631,TACLe,adpcm_dec,1,125.61,96.0,2
632,TACLe,adpcm_dec,1,125.61,96.0,2
633,TACLe,adpcm_dec,1,125.61,96.0,2
634,TACLe,adpcm_dec,1,125.61,96.0,2
635,TACLe,adpcm_dec,1,125.61,96.0,2
636,TACLe,adpcm_dec,1,125.61,96.0,2
637,TACLe,adpcm_dec,1,125.61,96.0,2
638,TACLe,adpcm_dec,1,125.61,96.0,2
639,TACLe,adpcm_dec,1,125.61,96.0,2
640,TACLe,adpcm_dec,1,125.61,96.0,2
641,TACLe,adpcm_dec,1,125.61,96.0,2
642,TACLe,adpcm_dec,1,125.61,96.0,2
643,TACLe,adpcm_dec,1,125.61,96.0,2
644,TACLe,adpcm_dec,1,125.61,96.0,2
645,TACLe,adpcm_enc,1,127.81049999999999,96.0,2
646,TACLe,adpcm_enc,1,127.81049999999999,96.0,2
647,TACLe,adpcm_enc,1,127.81049999999999,96.0,2
648,TACLe,adpcm_enc,1,127.81049999999999,96.0,2
649,TACLe,adpcm_enc,1,127.81049999999999,96.0,2
650,TACLe,adpcm_enc,1,127.81049999999999,96.0,2
651,TACLe,adpcm_enc,1,127.81049999999999,96.0,2
652,TACLe,adpcm_enc,1,127.81049999999999,96.0,2
653,TACLe,adpcm_enc,1,127.81049999999999,96.0,2
654,TACLe,adpcm_enc,1,127.81049999999999,96.0,2
655,TACLe,adpcm_enc,1,127.81049999999999,96.0,2
656,TACLe,adpcm_enc,1,127.81049999999999,96.0,2
657,TACLe,adpcm_enc,1,127.81049999999999,96.0,2
658,TACLe,adpcm_enc,1,127.81049999999999,96.0,2
659,TACLe,adpcm_enc,1,127.81049999999999,96.0,2
660,TACLe,adpcm_enc,1,127.81049999999999,96.0,2
661,TACLe,adpcm_enc,1,127.81049999999999,96.0,2
662,TACLe,adpcm_enc,1,127.81049999999999,96.0,2
663,TACLe,adpcm_enc,1,127.81049999999999,96.0,2
664,TACLe,adpcm_enc,1,127.81049999999999,96.0,2
665,TACLe,adpcm_enc,1,127.81049999999999,96.0,2
666,TACLe,adpcm_enc,1,127.81049999999999,96.0,2
667,TACLe,g723_enc,1,149.81099999999998,96.0,2
668,TACLe,g723_enc,1,149.81099999999998,96.0,2
669,TACLe,g723_enc,1,149.81099999999998,96.0,2
670,TACLe,g723_enc,1,149.81099999999998,96.0,2
671,TACLe,g723_enc,1,149.81099999999998,96.0,2
672,TACLe,g723_enc,1,149.81099999999998,96.0,2
673,TACLe,g723_enc,1,149.81099999999998,96.0,2
674,TACLe,g723_enc,1,149.81099999999998,96.0,2
675,TACLe,g723_enc,1,149.81099999999998,96.0,2
676,TACLe,g723_enc,1,149.81099999999998,96.0,2
677,TACLe,g723_enc,1,149.81099999999998,96.0,2
678,TACLe,g723_enc,1,149.81099999999998,96.0,2
679,TACLe,g723_enc,1,149.81099999999998,96.0,2
680,TACLe,g723_enc,1,149.81099999999998,96.0,2
681,TACLe,g723_enc,1,149.81099999999998,96.0,2
682,TACLe,g723_enc,1,149.81099999999998,96.0,2
683,TACLe,g723_enc,1,149.81099999999998,96.0,2
684,TACLe,g723_enc,1,149.81099999999998,96.0,2
685,TACLe,g723_enc,1,149.81099999999998,96.0,2
686,TACLe,g723_enc,1,149.81099999999998,96.0,2
687,TACLe,g723_enc,1,149.81099999999998,96.0,2
688,TACLe,g723_enc,1,149.81099999999998,96.0,2
689,TACLe,g723_enc,1,149.81099999999998,96.0,2
690,TACLe,huff_enc,1,158.0865,96.0,2
691,TACLe,huff_enc,1,158.0865,96.0,2
692,TACLe,huff_enc,1,158.0865,96.0,2
693,TACLe,huff_enc,1,158.0865,96.0,2
694,TACLe,huff_enc,1,158.0865,96.0,2
695,TACLe,huff_enc,1,158.0865,96.0,2
696,TACLe,huff_enc,1,158.0865,96.0,2
697,TACLe,huff_enc,1,158.0865,96.0,2
698,TACLe,huff_enc,1,158.0865,96.0,2
699,TACLe,huff_enc,1,158.0865,96.0,2
700,TACLe,audiobeam,1,168.77249999999998,96.0,2
701,TACLe,audiobeam,1,168.77249999999998,96.0,2
702,TACLe,audiobeam,1,168.77249999999998,96.0,2
703,TACLe,audiobeam,1,168.77249999999998,96.0,2
704,TACLe,audiobeam,1,168.77249999999998,96.0,2
705,TACLe,audiobeam,1,168.77249999999998,96.0,2
706,TACLe,audiobeam,1,168.77249999999998,96.0,2
707,TACLe,audiobeam,1,168.77249999999998,96.0,2
708,TACLe,audiobeam,1,168.77249999999998,96.0,2
709,TACLe,audiobeam,1,168.77249999999998,96.0,2
710,TACLe,audiobeam,1,168.77249999999998,96.0,2
711,TACLe,audiobeam,1,168.77249999999998,96.0,2
712,TACLe,audiobeam,1,168.77249999999998,96.0,2
713,TACLe,audiobeam,1,168.77249999999998,96.0,2
714,TACLe,audiobeam,1,168.77249999999998,96.0,2
715,TACLe,audiobeam,1,168.77249999999998,96.0,2
716,TACLe,gsm_dec,1,248.39249999999998,96.0,2
717,TACLe,gsm_dec,1,248.39249999999998,96.0,2
718,TACLe,gsm_dec,1,248.39249999999998,96.0,2
719,TACLe,gsm_dec,1,248.39249999999998,96.0,2
720,TACLe,gsm_dec,1,248.39249999999998,96.0,2
721,TACLe,gsm_dec,1,248.39249999999998,96.0,2
722,TACLe,gsm_dec,1,248.39249999999998,96.0,2
723,TACLe,gsm_dec,1,248.39249999999998,96.0,2
724,TACLe,gsm_dec,1,248.39249999999998,96.0,2
725,TACLe,gsm_dec,1,248.39249999999998,96.0,2
726,TACLe,gsm_dec,1,248.39249999999998,96.0,2
727,TACLe,gsm_dec,1,248.39249999999998,96.0,2
728,TACLe,gsm_dec,1,248.39249999999998,96.0,2
729,TACLe,gsm_dec,1,248.39249999999998,192.0,2
730,TACLe,gsm_dec,1,248.39249999999998,192.0,2
731,TACLe,gsm_dec,1,248.39249999999998,192.0,2
732,TACLe,gsm_dec,1,248.39249999999998,192.0,2
733,TACLe,gsm_dec,1,248.39249999999998,192.0,2
734,TACLe,gsm_dec,1,248.39249999999998,192.0,2
735,TACLe,gsm_dec,1,248.39249999999998,192.0,2
736,TACLe,gsm_dec,1,248.39249999999998,192.0,2
737,TACLe,gsm_dec,1,248.39249999999998,192.0,2
738,TACLe,gsm_dec,1,248.39249999999998,192.0,2
739,TACLe,gsm_dec,1,248.39249999999998,192.0,2
740,TACLe,gsm_dec,1,248.39249999999998,192.0,2
741,TACLe,gsm_dec,1,248.39249999999998,192.0,2
742,TACLe,gsm_dec,1,248.39249999999998,192.0,2
743,TACLe,cjpeg_tran,1,271.7535,96.0,2
744,TACLe,cjpeg_tran,1,271.7535,96.0,2
745,TACLe,cjpeg_tran,1,271.7535,96.0,2
746,TACLe,cjpeg_tran,1,271.7535,96.0,2
747,TACLe,cjpeg_tran,1,271.7535,96.0,2
748,TACLe,cjpeg_tran,1,271.7535,96.0,2
749,TACLe,cjpeg_tran,1,271.7535,96.0,2
750,TACLe,cjpeg_tran,1,271.7535,96.0,2
751,TACLe,cjpeg_tran,1,271.7535,96.0,2
752,TACLe,cjpeg_tran,1,271.7535,96.0,2
753,TACLe,cjpeg_tran,1,271.7535,96.0,2
754,TACLe,cjpeg_tran,1,271.7535,96.0,2
755,TACLe,cjpeg_tran,1,271.7535,96.0,2
756,TACLe,cjpeg_tran,1,271.7535,96.0,2
757,TACLe,cjpeg_tran,1,271.7535,192.0,2
758,TACLe,cjpeg_tran,1,271.7535,192.0,2
759,TACLe,cjpeg_tran,1,271.7535,192.0,2
760,TACLe,cjpeg_tran,1,271.7535,192.0,2
761,TACLe,cjpeg_tran,1,271.7535,192.0,2
762,TACLe,cjpeg_tran,1,271.7535,192.0,2
763,TACLe,cjpeg_tran,1,271.7535,192.0,2
764,TACLe,cjpeg_tran,1,271.7535,192.0,2
765,TACLe,cjpeg_tran,1,271.7535,192.0,2
766,TACLe,cjpeg_tran,1,271.7535,192.0,2
767,TACLe,cjpeg_tran,1,271.7535,192.0,2
768,TACLe,cjpeg_tran,1,271.7535,192.0,2
769,TACLe,cjpeg_tran,1,271.7535,192.0,2
770,TACLe,cjpeg_tran,1,271.7535,192.0,2
771,TACLe,cjpeg_tran,1,271.7535,192.0,2
772,TACLe,epic,1,337.7535,96.0,2
773,TACLe,epic,1,337.7535,96.0,2
774,TACLe,epic,1,337.7535,96.0,2
775,TACLe,epic,1,337.7535,96.0,2
776,TACLe,epic,1,337.7535,96.0,2
777,TACLe,epic,1,337.7535,96.0,2
778,TACLe,epic,1,337.7535,96.0,2
779,TACLe,epic,1,337.7535,96.0,2
780,TACLe,epic,1,337.7535,96.0,2
781,TACLe,epic,1,337.7535,96.0,2
782,TACLe,epic,1,337.7535,96.0,2
783,TACLe,epic,1,337.7535,96.0,2
784,TACLe,epic,1,337.7535,96.0,2
785,TACLe,epic,1,337.7535,96.0,2
786,TACLe,epic,1,337.7535,96.0,2
787,TACLe,epic,1,337.7535,96.0,2
788,TACLe,epic,1,337.7535,96.0,2
789,TACLe,epic,1,337.7535,96.0,2
790,TACLe,epic,1,337.7535,96.0,2
791,TACLe,epic,1,337.7535,96.0,2
792,TACLe,epic,1,337.7535,192.0,2
793,TACLe,epic,1,337.7535,192.0,2
794,TACLe,epic,1,337.7535,192.0,2
795,TACLe,epic,1,337.7535,192.0,2
796,TACLe,epic,1,337.7535,192.0,2
797,TACLe,epic,1,337.7535,192.0,2
798,TACLe,epic,1,337.7535,192.0,2
799,TACLe,epic,1,337.7535,192.0,2
800,TACLe,epic,1,337.7535,192.0,2
801,TACLe,epic,1,337.7535,192.0,2
802,TACLe,epic,1,337.7535,192.0,2
803,TACLe,epic,1,337.7535,192.0,2
804,TACLe,epic,1,337.7535,192.0,2
805,TACLe,epic,1,337.7535,192.0,2
806,TACLe,epic,1,337.7535,192.0,2
807,TACLe,epic,1,337.7535,192.0,2
808,TACLe,epic,1,337.7535,192.0,2
809,TACLe,rijndael_e,1,361.221,96.0,2
810,TACLe,rijndael_e,1,361.221,96.0,2
811,TACLe,rijndael_e,1,361.221,96.0,2
812,TACLe,rijndael_e,1,361.221,96.0,2
813,TACLe,rijndael_e,1,361.221,96.0,2
814,TACLe,rijndael_e,1,361.221,96.0,2
815,TACLe,rijndael_e,1,361.221,96.0,2
816,TACLe,rijndael_e,1,361.221,96.0,2
817,TACLe,rijndael_e,1,361.221,96.0,2
818,TACLe,rijndael_e,1,361.221,96.0,2
819,TACLe,rijndael_e,1,361.221,96.0,2
820,TACLe,rijndael_e,1,361.221,96.0,2
821,TACLe,rijndael_e,1,361.221,96.0,2
822,TACLe,rijndael_e,1,361.221,96.0,2
823,TACLe,rijndael_e,1,361.221,96.0,2
824,TACLe,rijndael_e,1,361.221,96.0,2
825,TACLe,rijndael_e,1,361.221,192.0,2
826,TACLe,rijndael_e,1,361.221,192.0,2
827,TACLe,rijndael_e,1,361.221,192.0,2
828,TACLe,rijndael_e,1,361.221,192.0,2
829,TACLe,rijndael_e,1,361.221,192.0,2
830,TACLe,rijndael_e,1,361.221,192.0,2
831,TACLe,rijndael_e,1,361.221,192.0,2
832,TACLe,rijndael_e,1,361.221,192.0,2
833,TACLe,rijndael_e,1,361.221,192.0,2
834,TACLe,rijndael_e,1,361.221,192.0,2
835,TACLe,rijndael_e,1,361.221,192.0,2
836,TACLe,rijndael_d,1,374.6309999999999,96.0,2
837,TACLe,rijndael_d,1,374.6309999999999,96.0,2
838,TACLe,rijndael_d,1,374.6309999999999,96.0,2
839,TACLe,rijndael_d,1,374.6309999999999,96.0,2
840,TACLe,rijndael_d,1,374.6309999999999,96.0,2
841,TACLe,rijndael_d,1,374.6309999999999,96.0,2
842,TACLe,rijndael_d,1,374.6309999999999,96.0,2
843,TACLe,rijndael_d,1,374.6309999999999,96.0,2
844,TACLe,rijndael_d,1,374.6309999999999,96.0,2
845,TACLe,rijndael_d,1,374.6309999999999,96.0,2
846,TACLe,rijndael_d,1,374.6309999999999,96.0,2
847,TACLe,rijndael_d,1,374.6309999999999,96.0,2
848,TACLe,rijndael_d,1,374.6309999999999,96.0,2
849,TACLe,rijndael_d,1,374.6309999999999,96.0,2
850,TACLe,rijndael_d,1,374.6309999999999,192.0,2
851,TACLe,rijndael_d,1,374.6309999999999,192.0,2
852,TACLe,rijndael_d,1,374.6309999999999,192.0,2
853,TACLe,rijndael_d,1,374.6309999999999,192.0,2
854,TACLe,rijndael_d,1,374.6309999999999,192.0,2
855,TACLe,rijndael_d,1,374.6309999999999,192.0,2
856,TACLe,rijndael_d,1,374.6309999999999,192.0,2
857,TACLe,rijndael_d,1,374.6309999999999,192.0,2
858,TACLe,rijndael_d,1,374.6309999999999,192.0,2
859,TACLe,rijndael_d,1,374.6309999999999,192.0,2
860,TACLe,rijndael_d,1,374.6309999999999,192.0,2
861,TACLe,rijndael_d,1,374.6309999999999,192.0,2
862,TACLe,rijndael_d,1,374.6309999999999,192.0,2
863,TACLe,rijndael_d,1,374.6309999999999,192.0,2
864,TACLe,rijndael_d,1,374.6309999999999,192.0,2
865,TACLe,rijndael_d,1,374.6309999999999,192.0,2
866,TACLe,rijndael_d,1,374.6309999999999,192.0,2
867,TACLe,rijndael_d,1,374.6309999999999,192.0,2
868,TACLe,rijndael_d,1,374.6309999999999,192.0,2
869,TACLe,rijndael_d,1,374.6309999999999,192.0,2
870,TACLe,rijndael_d,1,374.6309999999999,192.0,2
871,TACLe,rijndael_d,1,374.6309999999999,192.0,2
872,TACLe,rijndael_d,1,374.6309999999999,192.0,2
873,TACLe,anagram,1,383.8499999999999,96.0,2
874,TACLe,anagram,1,383.8499999999999,96.0,2
875,TACLe,anagram,1,383.8499999999999,96.0,2
876,TACLe,anagram,1,383.8499999999999,96.0,2
877,TACLe,anagram,1,383.8499999999999,96.0,2
878,TACLe,anagram,1,383.8499999999999,96.0,2
879,TACLe,anagram,1,383.8499999999999,96.0,2
880,TACLe,anagram,1,383.8499999999999,96.0,2
881,TACLe,anagram,1,383.8499999999999,96.0,2
882,TACLe,anagram,1,383.8499999999999,96.0,2
883,TACLe,anagram,1,383.8499999999999,96.0,2
884,TACLe,anagram,1,383.8499999999999,96.0,2
885,TACLe,anagram,1,383.8499999999999,96.0,2
886,TACLe,anagram,1,383.8499999999999,96.0,2
887,TACLe,anagram,1,383.8499999999999,96.0,2
888,TACLe,anagram,1,383.8499999999999,96.0,2
889,TACLe,anagram,1,383.8499999999999,96.0,2
890,TACLe,anagram,1,383.8499999999999,96.0,2
891,TACLe,anagram,1,383.8499999999999,96.0,2
892,TACLe,anagram,1,383.8499999999999,96.0,2
893,TACLe,anagram,1,383.8499999999999,96.0,2
894,TACLe,anagram,1,383.8499999999999,96.0,2
895,TACLe,anagram,1,383.8499999999999,96.0,2
896,TACLe,anagram,1,383.8499999999999,96.0,2
897,TACLe,anagram,1,383.8499999999999,192.0,2
898,TACLe,anagram,1,383.8499999999999,192.0,2
899,TACLe,anagram,1,383.8499999999999,192.0,2
900,TACLe,anagram,1,383.8499999999999,192.0,2
901,TACLe,anagram,1,383.8499999999999,192.0,2
902,TACLe,anagram,1,383.8499999999999,192.0,2
903,TACLe,anagram,1,383.8499999999999,192.0,2
904,TACLe,anagram,1,383.8499999999999,192.0,2
905,TACLe,anagram,1,383.8499999999999,192.0,2
906,TACLe,anagram,1,383.8499999999999,192.0,2
907,TACLe,anagram,1,383.8499999999999,192.0,2
908,TACLe,anagram,1,383.8499999999999,192.0,2
909,TACLe,anagram,1,383.8499999999999,192.0,2
910,TACLe,anagram,1,383.8499999999999,192.0,2
911,TACLe,anagram,1,383.8499999999999,192.0,2
912,TACLe,anagram,1,383.8499999999999,192.0,2
913,TACLe,gsm_enc,1,473.31749999999994,96.0,2
914,TACLe,gsm_enc,1,473.31749999999994,96.0,2
915,TACLe,gsm_enc,1,473.31749999999994,96.0,2
916,TACLe,gsm_enc,1,473.31749999999994,96.0,2
917,TACLe,gsm_enc,1,473.31749999999994,96.0,2
918,TACLe,gsm_enc,1,473.31749999999994,96.0,2
919,TACLe,gsm_enc,1,473.31749999999994,96.0,2
920,TACLe,gsm_enc,1,473.31749999999994,96.0,2
921,TACLe,gsm_enc,1,473.31749999999994,96.0,2
922,TACLe,gsm_enc,1,473.31749999999994,96.0,2
923,TACLe,gsm_enc,1,473.31749999999994,96.0,2
924,TACLe,gsm_enc,1,473.31749999999994,96.0,2
925,TACLe,gsm_enc,1,473.31749999999994,96.0,2
926,TACLe,gsm_enc,1,473.31749999999994,96.0,2
927,TACLe,gsm_enc,1,473.31749999999994,96.0,2
928,TACLe,gsm_enc,1,473.31749999999994,96.0,2
929,TACLe,gsm_enc,1,473.31749999999994,96.0,2
930,TACLe,gsm_enc,1,473.31749999999994,96.0,2
931,TACLe,gsm_enc,1,473.31749999999994,96.0,2
932,TACLe,gsm_enc,1,473.31749999999994,96.0,2
933,TACLe,gsm_enc,1,473.31749999999994,96.0,2
934,TACLe,gsm_enc,1,473.31749999999994,96.0,2
935,TACLe,gsm_enc,1,473.31749999999994,96.0,2
936,TACLe,gsm_enc,1,473.31749999999994,96.0,2
937,TACLe,gsm_enc,1,473.31749999999994,192.0,2
938,TACLe,gsm_enc,1,473.31749999999994,192.0,2
939,TACLe,gsm_enc,1,473.31749999999994,192.0,2
940,TACLe,gsm_enc,1,473.31749999999994,192.0,2
941,TACLe,gsm_enc,1,473.31749999999994,192.0,2
942,TACLe,gsm_enc,1,473.31749999999994,192.0,2
943,TACLe,gsm_enc,1,473.31749999999994,192.0,2
944,TACLe,gsm_enc,1,473.31749999999994,192.0,2
945,TACLe,gsm_enc,1,473.31749999999994,192.0,2
946,TACLe,gsm_enc,1,473.31749999999994,192.0,2
947,TACLe,gsm_enc,1,473.31749999999994,192.0,2
948,TACLe,gsm_enc,1,473.31749999999994,192.0,2
949,TACLe,gsm_enc,1,473.31749999999994,192.0,2
950,TACLe,gsm_enc,1,473.31749999999994,192.0,2
951,TACLe,susan,1,2856.4575,96.0,2
952,TACLe,susan,1,2856.4575,96.0,2
953,TACLe,susan,1,2856.4575,96.0,2
954,TACLe,susan,1,2856.4575,96.0,2
955,TACLe,susan,1,2856.4575,96.0,2
956,TACLe,susan,1,2856.4575,96.0,2
957,TACLe,susan,1,2856.4575,96.0,2
958,TACLe,susan,1,2856.4575,96.0,2
959,TACLe,susan,1,2856.4575,96.0,2
960,TACLe,susan,1,2856.4575,96.0,2
961,TACLe,susan,1,2856.4575,96.0,2
962,TACLe,susan,1,2856.4575,96.0,2
963,TACLe,susan,1,2856.4575,192.0,2
964,TACLe,susan,1,2856.4575,192.0,2
965,TACLe,susan,1,2856.4575,192.0,2
966,TACLe,susan,1,2856.4575,192.0,2
967,TACLe,susan,1,2856.4575,192.0,2
968,TACLe,susan,1,2856.4575,192.0,2
969,TACLe,susan,1,2856.4575,192.0,2
970,TACLe,susan,1,2856.4575,192.0,2
971,TACLe,susan,1,2856.4575,192.0,2
972,TACLe,susan,1,2856.4575,192.0,2
973,TACLe,susan,1,2856.4575,192.0,2
974,TACLe,susan,1,2856.4575,192.0,2
975,TACLe,susan,1,2856.4575,192.0,2
976,TACLe,susan,1,2856.4575,192.0,2
977,TACLe,dijkstra,1,5728.524,192.0,2
978,TACLe,dijkstra,1,5728.524,192.0,2
979,TACLe,dijkstra,1,5728.524,192.0,2
980,TACLe,dijkstra,1,5728.524,192.0,2
981,TACLe,dijkstra,1,5728.524,192.0,2
982,TACLe,dijkstra,1,5728.524,192.0,2
983,TACLe,dijkstra,1,5728.524,192.0,2
984,TACLe,dijkstra,1,5728.524,192.0,2
985,TACLe,dijkstra,1,5728.524,192.0,2
986,TACLe,dijkstra,1,5728.524,192.0,2
987,TACLe,dijkstra,1,5728.524,192.0,2
988,TACLe,dijkstra,1,5728.524,192.0,2
989,TACLe,dijkstra,1,5728.524,192.0,2
990,TACLe,dijkstra,1,5728.524,192.0,2
991,TACLe,dijkstra,1,5728.524,192.0,2
992,TACLe,dijkstra,1,5728.524,192.0,2
993,TACLe,dijkstra,1,5728.524,192.0,2
994,TACLe,dijkstra,1,5728.524,192.0,2
995,SD-VBS,disparity,2,18463.68,3076.0,2
996,SD-VBS,disparity,2,18463.68,4777.0,2
997,SD-VBS,disparity,2,18463.68,2202.0,2
998,SD-VBS,disparity,2,18463.68,4428.0,2
999,SD-VBS,disparity,2,18463.68,1043.0,2
1000,SD-VBS,disparity,2,18463.68,4399.0,2
1001,SD-VBS,disparity,2,18463.68,1075.0,2
1002,SD-VBS,disparity,2,18463.68,4573.0,2
1003,SD-VBS,disparity,2,18463.68,987.0,2
1004,SD-VBS,disparity,2,18463.68,3073.0,2
1005,SD-VBS,disparity,2,18463.68,3350.0,2
1006,SD-VBS,disparity,2,18463.68,4688.0,2
1007,SD-VBS,disparity,2,18463.68,1970.0,2
1008,SD-VBS,localization,2,32943.807,1427.0,2
1009,SD-VBS,localization,2,32943.807,1919.0,2
1010,SD-VBS,localization,2,32943.807,4153.0,2
1011,SD-VBS,localization,2,32943.807,4341.0,2
1012,SD-VBS,localization,2,32943.807,1283.0,2
1013,SD-VBS,localization,2,32943.807,2248.0,2
1014,SD-VBS,localization,2,32943.807,1824.0,2
1015,SD-VBS,localization,2,32943.807,2679.0,2
1016,SD-VBS,localization,2,32943.807,1526.0,2
1017,SD-VBS,localization,2,32943.807,2111.0,2
1018,SD-VBS,sift,2,54254.549999999996,4260.0,2
1019,SD-VBS,sift,2,54254.549999999996,977.0,2
1020,SD-VBS,sift,2,54254.549999999996,3069.0,2
1021,SD-VBS,sift,2,54254.549999999996,2788.0,2
1022,SD-VBS,sift,2,54254.549999999996,2178.0,2
1023,SD-VBS,sift,2,54254.549999999996,2989.0,2
1024,SD-VBS,sift,2,54254.549999999996,4405.0,2
1025,SD-VBS,sift,2,54254.549999999996,1910.0,2
1026,SD-VBS,svm,2,37705.604999999996,3715.0,2
1027,SD-VBS,svm,2,37705.604999999996,2306.0,2
1028,SD-VBS,svm,2,37705.604999999996,1349.0,2
1029,SD-VBS,svm,2,37705.604999999996,570.0,2
1030,SD-VBS,svm,2,37705.604999999996,1957.0,2
1031,SD-VBS,svm,2,37705.604999999996,1152.0,2
1032,SD-VBS,svm,2,37705.604999999996,3312.0,2
1033,SD-VBS,svm,2,37705.604999999996,1558.0,2
1034,SD-VBS,svm,2,37705.604999999996,549.0,2
1035,SD-VBS,svm,2,37705.604999999996,1796.0,2
1036,SD-VBS,svm,2,37705.604999999996,3893.0,2
1037,SD-VBS,svm,2,37705.604999999996,555.0,2
1038,SD-VBS,svm,2,37705.604999999996,2566.0,2
1039,SD-VBS,svm,2,37705.604999999996,4796.0,2
1040,SD-VBS,svm,2,37705.604999999996,1363.0,2
1041,SD-VBS,stitch,2,34208.358,4209.0,2
1042,SD-VBS,stitch,2,34208.358,1636.0,2
1043,SD-VBS,stitch,2,34208.358,2351.0,2
1044,SD-VBS,stitch,2,34208.358,2586.0,2
1045,SD-VBS,stitch,2,34208.358,4221.0,2
1046,SD-VBS,stitch,2,34208.358,2608.0,2
1047,SD-VBS,stitch,2,34208.358,1562.0,2
1048,SD-VBS,stitch,2,34208.358,3654.0,2
1049,SD-VBS,stitch,2,34208.358,2199.0,2
1050,SD-VBS,tracking,2,9213.131999999998,4120.0,2
1051,SD-VBS,tracking,2,9213.131999999998,2522.0,2
1052,SD-VBS,tracking,2,9213.131999999998,3213.0,2
1053,SD-VBS,tracking,2,9213.131999999998,2532.0,2
1054,SD-VBS,tracking,2,9213.131999999998,4026.0,2
1055,SD-VBS,tracking,2,9213.131999999998,4021.0,2
1056,SD-VBS,tracking,2,9213.131999999998,1062.0,2
1057,SD-VBS,tracking,2,9213.131999999998,3076.0,2
1058,SD-VBS,mser,2,6864.5985,4346.0,2
1059,SD-VBS,mser,2,6864.5985,3539.0,2
1060,SD-VBS,mser,2,6864.5985,3380.0,2
1061,SD-VBS,mser,2,6864.5985,2200.0,2
1062,SD-VBS,mser,2,6864.5985,854.0,2
1063,SD-VBS,mser,2,6864.5985,666.0,2
1064,SD-VBS,mser,2,6864.5985,4176.0,2
1065,SD-VBS,mser,2,6864.5985,974.0,2
1066,SD-VBS,texture_synt,2,5251.4775,2448.0,2
1067,SD-VBS,texture_synt,2,5251.4775,4336.0,2
1068,SD-VBS,texture_synt,2,5251.4775,1793.0,2
1069,SD-VBS,texture_synt,2,5251.4775,2487.0,2
1070,SD-VBS,texture_synt,2,5251.4775,4206.0,2
1071,SD-VBS,texture_synt,2,5251.4775,2890.0,2
1072,SD-VBS,texture_synt,2,5251.4775,1304.0,2
